MSI Type,Institution,,City,State/Territory,Type
ANNH,University of Alaska Fairbanks,,Fairbanks,AK,Pub 4yr
ANNH,University of Alaska Southeast,,Juneau,AK,Pub 4yr
ANNH & NASNTI,Alaska Christian College,,Soldotna,AK,Pri 2yr
NASNTI,Alaska Pacific University,,Anchorage,AK,Pri 4yr
TCU,Ilisagvik College,,Barrow,AK,Pub 4yr
HBCU,Alabama Agricultural & Mechanical University,,Normal,AL,Pub 4yr
HBCU,Alabama State University,,Montgomery,AL,Pub 4yr
HBCU,Bishop State Community College,,Mobile,AL,Pub 2yr
HBCU,Concordia College Alabama,,Selma,AL,Pri 4yr
HBCU,Gadsden State Community College,,Gadsden,AL,Pub 2yr
HBCU,H. Councill Trenholm State Community College,,Montgomery,AL,Pub 2yr
HBCU,J. F. Drake State Community and Technical College,,Huntsville,AL,Pub 2yr
HBCU,Lawson State Community College,,Birmingham,AL,Pub 2yr
HBCU,Miles College,,Fairfield,AL,Pri 4yr
HBCU,Oakwood University,,Huntsville,AL,Pri 4yr
HBCU,Shelton State Community College,,Tuscaloosa,AL,Pub 2yr
HBCU,Stillman College,,Tuscaloosa,AL,Pri 4yr
HBCU,Talladega College,,Talladega,AL,Pri 4yr
HBCU,Tuskegee University,,Tuskegee,AL,Pri 4yr
PBI,Chattahoochee Valley Community College,,Phenix City,AL,Pub 2yr
PBI,Faulkner University,,Montgomery,AL,Pri 4yr
PBI,George Corley Wallace State Community College - Selma,,Selma,AL,Pub 2yr
PBI,Herzing University - Birmingham,,Birmingham,AL,Pri 4yr
PBI,Remington College - Mobile Campus,,Mobile,AL,Pri 4yr
PBI,Selma University,,Selma,AL,Pri 4yr
PBI,University of West Alabama,,Livingston,AL,Pub 4yr
HBCU,Arkansas Baptist College,,Little Rock,AR,Pri 4yr
HBCU,Philander Smith College,,Little Rock,AR,Pri 4yr
HBCU,Shorter College,,N Little Rock,AR,Pri 2yr
HBCU,University of Arkansas at Pine Bluff,,Pine Bluff,AR,Pub 4yr
HSI,Cossatot Community College of the University of Arkansas,,De Queen,AR,Pub 2yr
PBI,Arkansas State University Mid-South,,West Memphis,AR,Pub 2yr
PBI,Southeast Arkansas College,,Pine Bluff,AR,Pub 2yr
AANAPISI & ANNH,American Samoa Community College,,PagoPago,AS,Pub 4yr
ANNH & NASNTI,CollegeAmerica - Flagstaff,,Flagstaff,AZ,Pri 4yr
HSI,Arizona State University,,Phoenix,AZ,Pub 4yr
HSI,Arizona Western College,,Yuma,AZ,Pub 2yr
HSI,Central Arizona College,,Coolidge,AZ,Pub 2yr
HSI,CollegeAmerica - Phoenix,,Phoenix,AZ,Pri 4yr
HSI,Estrella Mountain Community College,,Avondale,AZ,Pub 2yr
HSI,GateWay Community College,,Phoenix,AZ,Pub 2yr
HSI,Glendale Community College,,Glendale,AZ,Pub 2yr
HSI,Mesa Community College,,Mesa,AZ,Pub 2yr
HSI,Phoenix College,,Phoenix,AZ,Pub 2yr
HSI,Pima County Community College,,Tucson,AZ,Pub 2yr
HSI,South Mountain Community College,,Phoenix,AZ,Pub 2yr
HSI,University of Arizona (The),,Sierra Vista,AZ,Pub 4yr
HSI,University of Arizona (The),,Tucson,AZ,Pub 4yr
NASNTI,Northland Pioneer College,,Holbrook,AZ,Pub 2yr
TCU,Dine College,,Tsaile,AZ,Pub 4yr
TCU,Tohono O'odham Community College,,Sells,AZ,Pub 2yr
AANAPISI,American River College,,Sacramento,CA,Pub 2yr
AANAPISI,Bethesda University,,Anaheim,CA,Pri 4yr
AANAPISI,City College of San Francisco,,San Francisco,CA,Pub 2yr
AANAPISI,Coastline Community College,,Fountain Valley,CA,Pub 2yr
AANAPISI,Coleman University,,San Diego,CA,Pri 4yr
AANAPISI,College of Alameda,,Alameda,CA,Pub 2yr
AANAPISI,Evergreen Valley College,,San Jose,CA,Pub 2yr
AANAPISI,Folsom Lake College,,Folsom,CA,Pub 2yr
AANAPISI,Grace Mission University,,Fullerton,CA,Pri 4yr
AANAPISI,Homestead Schools,,Torrance,CA,Pri 4yr
AANAPISI,Irvine Valley College,,Irvine,CA,Pub 2yr
AANAPISI,Laney College,,Oakland,CA,Pub 2yr
AANAPISI,Otis College of Art & Design,,Los Angeles,CA,Pri 4yr
AANAPISI,Palo Alto University,,Palo Alto,CA,Pri 4yr
AANAPISI,Presbyterian Theological Seminary in America,,Santa Fe Springs,CA,Pri 4yr
AANAPISI,"University of California, Davis",,Davis,CA,Pub 4yr
AANAPISI,University of San Francisco,,San Francisco,CA,Pri 4yr
AANAPISI,University of the Pacific,,Stockton,CA,Pri 4yr
AANAPISI & HSI,Azusa Pacific University,,Azusa,CA,Pri 4yr
AANAPISI & HSI,Berkeley City College,,Berkeley,CA,Pub 2yr
AANAPISI & HSI,California College San Diego,,San Diego,CA,Pri 4yr
AANAPISI & HSI,"California State Polytechnic University, Pomona",,Pomona,CA,Pub 4yr
AANAPISI & HSI,California State University - Sacramento,,Sacramento,CA,Pub 4yr
AANAPISI & HSI,"California State University, East Bay",,Hayward,CA,Pub 4yr
AANAPISI & HSI,"California State University, Los Angeles",,Los Angeles,CA,Pub 4yr
AANAPISI & HSI,"California State University, Stanislaus",,Turlock,CA,Pub 4yr
AANAPISI & HSI,Casa Loma College,,Van Nuys,CA,Pri 2yr
AANAPISI & HSI,Clovis Community College,,Fresno,CA,Pub 2yr
AANAPISI & HSI,College of San Mateo,,San Mateo,CA,Pub 2yr
AANAPISI & HSI,Contra Costa College,,San Pablo,CA,Pub 2yr
AANAPISI & HSI,Cosumnes River College,,Sacramento,CA,Pub 2yr
AANAPISI & HSI,Cypress College,,Cypress,CA,Pub 4yr
AANAPISI & HSI,El Camino College,,Torrance,CA,Pub 2yr
AANAPISI & HSI,Golden West College,,Huntington Beach,CA,Pub 2yr
AANAPISI & HSI,Holy Names University,,Oakland,CA,Pri 4yr
AANAPISI & HSI,Humphreys University,,Stockton,CA,Pri 4yr
AANAPISI & HSI,Long Beach City College,,Long Beach,CA,Pub 2yr
AANAPISI & HSI,Los Angeles City College,,Los Angeles,CA,Pub 2yr
AANAPISI & HSI,Los Medanos College,,Pittsburg,CA,Pub 2yr
AANAPISI & HSI,Merritt College,,Oakland,CA,Pub 2yr
AANAPISI & HSI,Mission College,,Santa Clara,CA,Pub 2yr
AANAPISI & HSI,Mount Saint Mary's University,,Los Angeles,CA,Pri 4yr
AANAPISI & HSI,Mount San Antonio College,,Walnut,CA,Pub 2yr
AANAPISI & HSI,National University,,La Jolla,CA,Pri 4yr
AANAPISI & HSI,Orange Coast College,,Costa Mesa,CA,Pub 2yr
AANAPISI & HSI,Pacific Union College,,Angwin,CA,Pri 4yr
AANAPISI & HSI,Saint Mary's College of California,,Moraga,CA,Pri 4yr
AANAPISI & HSI,San Diego State University,,San Diego,CA,Pub 4yr
AANAPISI & HSI,San Francisco State University,,San Francisco,CA,Pub 4yr
AANAPISI & HSI,San Joaquin Delta College,,Stockton,CA,Pub 2yr
AANAPISI & HSI,San Jose State University,,San Jose,CA,Pub 4yr
AANAPISI & HSI,Solano Community College,,Fairfield,CA,Pub 4yr
AANAPISI & HSI,"University of California, Irvine",,Irvine,CA,Pub 4yr
AANAPISI & HSI,"University of California, Merced",,Merced,CA,Pub 4yr
AANAPISI & HSI,"University of California, Riverside",,Riverside,CA,Pub 4yr
AANAPISI & HSI,Woodland Community College,,Woodland,CA,Pub 2yr
AANAPISI & HSI,Yuba College,,Marysville,CA,Pub 2yr
HSI,Allan Hancock College,,Santa Maria,CA,Pub 2yr
HSI,Antelope Valley College,,Lancaster,CA,Pub 4yr
HSI,Azusa Pacific University College,,San Dimas,CA,Pri 4yr
HSI,Bakersfield College,,Bakersfield,CA,Pub 4yr
HSI,Butte College,,Oroville,CA,Pub 2yr
HSI,Cabrillo College,,Aptos,CA,Pub 2yr
HSI,California Baptist University,,Riverside,CA,Pri 4yr
HSI,California College San Diego,,San Marcos,CA,Pri 4yr
HSI,California Lutheran University,,Thousand Oaks,CA,Pri 4yr
HSI,California State University Channel Islands,,Camarillo,CA,Pub 4yr
HSI,"California State University, Bakersfield",,Bakersfield,CA,Pub 4yr
HSI,"California State University, Chico",,Chico,CA,Pub 4yr
HSI,"California State University, Dominguez Hills",,Carson,CA,Pub 4yr
HSI,"California State University, Fresno",,Fresno,CA,Pub 4yr
HSI,"California State University, Fullerton",,Fullerton,CA,Pub 4yr
HSI,"California State University, Long Beach",,Long Beach,CA,Pub 4yr
HSI,"California State University, Monterey Bay",,Seaside,CA,Pub 4yr
HSI,"California State University, Northridge",,Northridge,CA,Pub 4yr
HSI,"California State University, San Bernardino",,San Bernardino,CA,Pub 4yr
HSI,"California State University, San Marcos",,San Marcos,CA,Pub 4yr
HSI,Canada College,,Redwood City,CA,Pub 2yr
HSI,Cerritos Community College,,Norwalk,CA,Pub 2yr
HSI,Cerro Coso Community College,,Ridgecrest,CA,Pub 2yr
HSI,Chabot College,,Hayward,CA,Pub 2yr
HSI,Chaffey Community College,,Rancho Cucamonga,CA,Pub 2yr
HSI,Citrus Community College,,Glendora,CA,Pub 2yr
HSI,College of the Canyons,,Santa Clarita,CA,Pub 2yr
HSI,College of the Desert,,Palm Desert,CA,Pub 2yr
HSI,College of the Sequoias,,Visalia,CA,Pub 2yr
HSI,Copper Mountain College,,Joshua Tree,CA,Pub 2yr
HSI,Cuesta College,,San Luis Obispo,CA,Pub 2yr
HSI,Cuyamaca College,,El Cajon,CA,Pub 2yr
HSI,Diablo Valley College,,Pleasant Hill,CA,Pub 2yr
HSI,East Los Angeles College,,Monterey Park,CA,Pub 2yr
HSI,East San Gabriel Valley ROP and Technical Center,,West Covina,CA,Pub 2yr
HSI,Fresno City College,,Fresno,CA,Pub 2yr
HSI,Fresno Pacific University,,Fresno,CA,Pri 4yr
HSI,Gavilan College,,Gilroy,CA,Pub 2yr
HSI,Glendale Community College,,Glendale,CA,Pub 2yr
HSI,Grossmont College,,El Cajon,CA,Pub 2yr
HSI,Hartnell Community College,,Salinas,CA,Pub 2yr
HSI,Hope International University,,Fullerton,CA,Pri 4yr
HSI,Humboldt State University,,Arcata,CA,Pub 4yr
HSI,Imperial Valley College,,Imperial,CA,Pub 2yr
HSI,John F. Kennedy University,,Pleasant Hill,CA,Pri 4yr
HSI,La Sierra University,,Riverside,CA,Pri 4yr
HSI,Lake Tahoe Community College,,South Lake Tahoe,CA,Pub 2yr
HSI,Las Positas College,,Livermore,CA,Pub 2yr
HSI,Life Pacific College,,San Dimas,CA,Pri 4yr
HSI,Los Angeles Harbor College,,Wilmington,CA,Pub 2yr
HSI,Los Angeles Mission College,,Sylmar,CA,Pub 2yr
HSI,Los Angeles ORT College - Van Nuys Campus,,Van Nuys,CA,Pri 2yr
HSI,Los Angeles Pierce College,,Woodland Hills,CA,Pub 2yr
HSI,Los Angeles Trade - Technical College,,Los Angeles,CA,Pub 2yr
HSI,Los Angeles Valley College,,Valley Glen,CA,Pub 2yr
HSI,Marymount California University,,Rancho Palos Verdes,CA,Pri 4yr
HSI,Mendocino College,,Ukiah,CA,Pub 2yr
HSI,Mills College,,Oakland,CA,Pri 4yr
HSI,Modesto Junior College,,Modesto,CA,Pub 4yr
HSI,Monterey Peninsula College,,Monterey,CA,Pub 2yr
HSI,Moorpark College,,Moorpark,CA,Pub 2yr
HSI,Moreno Valley College,,Moreno Valley,CA,Pub 2yr
HSI,Mt. San Jacinto College,,San Jacinto,CA,Pub 2yr
HSI,Napa Valley College,,Napa,CA,Pub 2yr
HSI,Norco College,,Norco,CA,Pub 2yr
HSI,Notre Dame de Namur University,,Belmont,CA,Pri 4yr
HSI,Oxnard College,,Oxnard,CA,Pub 2yr
HSI,Palomar College,,San Marcos,CA,Pub 2yr
HSI,Pasadena City College,,Pasadena,CA,Pub 2yr
HSI,Porterville College,,Porterville,CA,Pub 2yr
HSI,Reedley College,,Reedley,CA,Pub 2yr
HSI,Rio Hondo Community College,,Whittier,CA,Pub 4yr
HSI,Riverside City College,,Riverside,CA,Pub 2yr
HSI,Sacramento City College,,Sacramento,CA,Pub 2yr
HSI,Saddleback College,,Mission Viejo,CA,Pub 2yr
HSI,San Bernardino Valley College,,San Bernardino,CA,Pub 2yr
HSI,San Diego Christian College,,Santee,CA,Pri 4yr
HSI,San Diego City College,,San Diego,CA,Pub 2yr
HSI,San Diego Mesa College,,San Diego,CA,Pub 4yr
HSI,San Jose City College,,San Jose,CA,Pub 2yr
HSI,Santa Ana College,,Santa Ana,CA,Pub 4yr
HSI,Santa Barbara City College,,Santa Barbara,CA,Pub 2yr
HSI,Santa Monica College,,Santa Monica,CA,Pub 4yr
HSI,Santa Rosa Junior College,,Santa Rosa,CA,Pub 2yr
HSI,Santiago Canyon College,,Orange,CA,Pub 2yr
HSI,Sierra College,,Rocklin,CA,Pub 2yr
HSI,Skyline College,,San Bruno,CA,Pub 4yr
HSI,Sonoma State University,,Rohnert Park,CA,Pub 4yr
HSI,Southwestern Community College District,,Chula Vista,CA,Pub 2yr
HSI,Taft College,,Taft,CA,Pub 2yr
HSI,"University of California, Santa Barbara",,Santa Barbara,CA,Pub 4yr
HSI,"University of California, Santa Cruz",,Santa Cruz,CA,Pub 4yr
HSI,University of La Verne,,La Verne,CA,Pri 4yr
HSI,Vanguard University of Southern California,,Costa Mesa,CA,Pri 4yr
HSI,Ventura College,,Ventura,CA,Pub 2yr
HSI,Victor Valley Community College,,Victorville,CA,Pub 2yr
HSI,West Hills College Lemoore,,Lemoore,CA,Pub 2yr
HSI,West Hills Community College,,Coalinga,CA,Pub 2yr
HSI,West Los Angeles College,,Culver City,CA,Pub 4yr
HSI,Whittier College,,Whittier,CA,Pri 4yr
HSI,Woodbury University,,Burbank,CA,Pri 4yr
ANNH & NASNTI,Fort Lewis College,,Durango,CO,Pub 4yr
HSI,Adams State University,,Alamosa,CO,Pub 4yr
HSI,Colorado State University - Pueblo,,Pueblo,CO,Pub 4yr
HSI,Community College of Aurora,,Aurora,CO,Pub 2yr
HSI,Community College of Denver,,Denver,CO,Pub 4yr
HSI,Lamar Community College,,Lamar,CO,Pub 2yr
HSI,Metropolitan State University of Denver,,Denver,CO,Pub 4yr
HSI,Morgan Community College,,Fort Morgan,CO,Pub 2yr
HSI,Pueblo Community College,,Pueblo,CO,Pub 4yr
HSI,Trinidad State Junior College,,Trinidad,CO,Pub 2yr
AANAPISI,University of Connecticut - Hartford Campus,,Hartford,CT,Pub 4yr
HSI,Capital Community College,,Hartford,CT,Pub 2yr
HSI,Gateway Community College,,New Haven,CT,Pub 2yr
HSI,Naugatuck Valley Community College,,Waterbury,CT,Pub 2yr
HSI,Norwalk Community College,,Norwalk,CT,Pub 2yr
HBCU,Howard University,,Washington,DC,Pri 4yr
HBCU,University of the District of Columbia,,Washington,DC,Pub 4yr
PBI,Trinity Washington University,,Washington,DC,Pri 4yr
HBCU,Delaware State University,,Dover,DE,Pub 4yr
HBCU,Bethune Cookman University,,Daytona Beach,FL,Pri 4yr
HBCU,Edward Waters College,,Jacksonville,FL,Pri 4yr
HBCU,Florida Agricultural & Mechanical University,,Tallahassee,FL,Pub 4yr
HBCU,Florida Memorial University,,Miami Gardens,FL,Pri 4yr
HSI,Barry University,,Miami,FL,Pri 4yr
HSI,Broward College,,Fort Lauderdale,FL,Pub 4yr
HSI,Carlos Albizu University,,Miami,FL,Pri 4yr
HSI,City College - Miami,,Miami,FL,Pri 4yr
HSI,Florida Atlantic University,,Boca Raton,FL,Pub 4yr
HSI,Florida International University,,Miami,FL,Pub 4yr
HSI,Herzing University - Winter Park,,Winter Park,FL,Pri 4yr
HSI,Hillsborough Community College,,Tampa,FL,Pub 2yr
HSI,Hodges University,,Naples,FL,Pri 4yr
HSI,Keiser University,,Fort Lauderdale,FL,Pri 4yr
HSI,Miami Dade College,,Miami,FL,Pub 4yr
HSI,Nova Southeastern University,,Fort Lauderdale,FL,Pri 4yr
HSI,Palm Beach State College,,Lake Worth,FL,Pub 4yr
HSI,Seminole State College of Florida,,Sanford,FL,Pub 4yr
HSI,South Florida State College,,Avon Park,FL,Pub 4yr
HSI,Trinity International University - Florida,,Miramar,FL,Pri 4yr
HSI,Universidad Politecnica de Puerto Rico,,Orlando,FL,Pri 4yr
HSI,Universidad Politecnica de Puerto Rico,,Miami,FL,Pri 4yr
HSI,University of Central Florida,,Orlando,FL,Pub 4yr
HSI,Valencia College,,Orlando,FL,Pub 4yr
HSI & PBI,Altierus Career College,,Tampa,FL,Pri 4yr
PBI,City College,,Fort Lauderdale,FL,Pri 4yr
PBI,City College - Gainesville,,Gainesville,FL,Pri 4yr
PBI,Everest University - Brandon,,Tampa,FL,Pri 4yr
PBI,Everest University - South Orlando,,Tampa,FL,Pri 4yr
PBI,Remington College - Heathrow Campus,,Lake Mary,FL,Pri 4yr
PBI,University of Fort Lauderdale,,Lauderhill,FL,Pri 4yr
AANAPISI & ANNH,College of Micronesia - FSM,,Pohnpei,FM,Pub 2yr
AANAPISI,Georgia Gwinnett College,,Lawrenceville,GA,Pub 4yr
AANAPISI & PBI,Beulah Heights University,,Atlanta,GA,Pri 4yr
AANAPISI & PBI,Georgia State University,,Atlanta,GA,Pub 4yr
HBCU,Albany State University,,Albany,GA,Pub 4yr
HBCU,Clark Atlanta University,,Atlanta,GA,Pri 4yr
HBCU,Fort Valley State University,,Fort Valley,GA,Pub 4yr
HBCU,Morehouse College,,Atlanta,GA,Pri 4yr
HBCU,Paine College,,Augusta,GA,Pri 4yr
HBCU,Savannah State University,,Savannah,GA,Pub 4yr
HBCU,Spelman College,,Atlanta,GA,Pri 4yr
HSI,Dalton State College,,Dalton,GA,Pub 4yr
HSI & PBI,Altierus Career College - Norcross,,Norcross,GA,Pri 2yr
PBI,Albany Technical College,,Albany,GA,Pub 2yr
PBI,Atlanta Metropolitan State College,,Atlanta,GA,Pub 4yr
PBI,Atlanta Technical College,,Atlanta,GA,Pub 2yr
PBI,Augusta Technical College,,Augusta,GA,Pub 2yr
PBI,Bainbridge State College,,Bainbridge,GA,Pub 4yr
PBI,Central Georgia Technical College,,Warner Robins,GA,Pub 2yr
PBI,Clayton State University,,Morrow,GA,Pub 4yr
PBI,Columbus Technical College,,Columbus,GA,Pub 2yr
PBI,East Georgia State College,,Swainsboro,GA,Pub 4yr
PBI,Georgia Military College,,Milledgeville,GA,Pub 4yr
PBI,Georgia Piedmont Technical College,,Clarkston,GA,Pub 2yr
PBI,Georgia State University - Perimeter College,,Atlanta,GA,Pub 2yr
PBI,Gupton - Jones College,,Decatur,GA,Pri 2yr
PBI,Herzing University - Atlanta,,Atlanta,GA,Pri 4yr
PBI,Oconee Fall Line Technical College,,Sandersville,GA,Pub 2yr
PBI,Savannah Technical College,,Savannah,GA,Pub 2yr
PBI,Shorter University - College of Adult & Professional Programs,,Marietta,GA,Pri 4yr
PBI,South Georgia Technical College,,Americus,GA,Pub 2yr
PBI,Southern Crescent Technical College,,Griffin,GA,Pub 2yr
AANAPISI & ANNH,Pacific Islands University,,Mangilao,GU,Pri 4yr
AANAPISI & ANNH,University of Guam,,Mangilao,GU,Pub 4yr
AANAPISI,Hawaii Community College,,Hilo,HI,Pub 2yr
AANAPISI,Hawaii Pacific University,,Honolulu,HI,Pri 4yr
AANAPISI & ANNH,Honolulu Community College,,Honolulu,HI,Pub 2yr
AANAPISI & ANNH,Kauai Community College,,Lihue,HI,Pub 2yr
AANAPISI & ANNH,Pacific Rim Christian University,,Honolulu,HI,Pri 4yr
AANAPISI & ANNH,Remington College - Honolulu Campus,,Honolulu,HI,Pri 4yr
AANAPISI & ANNH,University of Hawaii at Hilo,,Hilo,HI,Pub 4yr
ANNH,Chaminade University of Honolulu,,Honolulu,HI,Pri 4yr
ANNH,Kapiolani Community College,,Honolulu,HI,Pub 2yr
ANNH,Leeward Community College,,Pearl City,HI,Pub 2yr
ANNH,University of Hawaii - West Oahu,,Kapolei,HI,Pub 4yr
ANNH,University of Hawaii at Manoa,,Honolulu,HI,Pub 4yr
ANNH,University of Hawaii Maui College,,Kahului,HI,Pub 4yr
ANNH,Windward Community College,,Kaneohe,HI,Pub 2yr
HSI,Stevens-Henager College,,Idaho Falls,ID,Pri 4yr
AANAPISI,College of Du Page,,Glen Ellyn,IL,Pub 2yr
AANAPISI,National University of Health Sciences (The),,Lombard,IL,Pri 4yr
AANAPISI,Oakton Community College,,Des Plaines,IL,Pub 2yr
AANAPISI,Resurrection University,,Chicago,IL,Pri 4yr
AANAPISI & HSI,University of Illinois at Chicago,,Chicago,IL,Pub 4yr
HSI,American Academy of Art,,Chicago,IL,Pri 4yr
HSI,Aurora University,,Aurora,IL,Pri 4yr
HSI,City Colleges of Chicago Harry S Truman College,,Chicago,IL,Pub 2yr
HSI,College of Lake County,,Grayslake,IL,Pub 2yr
HSI,Concordia University,,River Forest,IL,Pri 4yr
HSI,Dominican University,,River Forest,IL,Pri 4yr
HSI,Harold Washington College,,Chicago,IL,Pub 2yr
HSI,MacCormac College,,Chicago,IL,Pri 2yr
HSI,Morton College,,Cicero,IL,Pub 2yr
HSI,National Louis University,,Chicago,IL,Pri 4yr
HSI,Northeastern Illinois University,,Chicago,IL,Pub 4yr
HSI,Richard J Daley College - City Colleges of Chicago,,Chicago,IL,Pub 2yr
HSI,Robert Morris University Illinois,,Chicago,IL,Pri 4yr
HSI,Roosevelt University,,Chicago,IL,Pri 4yr
HSI,Saint Augustine College,,Chicago,IL,Pri 4yr
HSI,Saint Xavier University,,Chicago,IL,Pri 4yr
HSI,Triton College,,River Grove,IL,Pub 2yr
HSI,Waubonsee Community College,,Sugar Grove,IL,Pub 2yr
HSI,Wilbur Wright College,,Chicago,IL,Pub 2yr
HSI & PBI,City Colleges of Chicago - Malcolm X College,,Chicago,IL,Pub 2yr
PBI,Chicago State University,,Chicago,IL,Pub 4yr
PBI,City Colleges of Chicago - Kennedy King College,,Chicago,IL,Pub 2yr
PBI,East-West University,,Chicago,IL,Pri 4yr
PBI,Lincoln College,,Lincoln,IL,Pri 4yr
PBI,Olive-Harvey College,,Chicago,IL,Pub 2yr
PBI,Prairie State College,,Chicago Heights,IL,Pub 2yr
PBI,South Suburban College of Cook County,,South Holland,IL,Pub 2yr
HSI,Calumet College of Saint Joseph,,Whiting,IN,Pri 4yr
PBI,Martin University,,Indianapolis,IN,Pri 4yr
HSI,Dodge City Community College,,Dodge City,KS,Pub 2yr
HSI,Donnelly College,,Kansas City,KS,Pri 4yr
HSI,Garden City Community College,,Garden City,KS,Pub 2yr
HSI,Seward County Community College,,Liberal,KS,Pub 2yr
TCU,Haskell Indian Nations University,,Lawrence,KS,Pub 4yr
HBCU,Kentucky State University,,Frankfort,KY,Pub 4yr
HBCU,Simmons College of Kentucky,,Louisville,KY,Pri 4yr
HBCU,Dillard University,,New Orleans,LA,Pri 4yr
HBCU,Grambling State University,,Grambling,LA,Pub 4yr
HBCU,Southern University and Agricultural & Mechanical College at Baton Rouge,,Baton Rouge,LA,Pub 4yr
HBCU,Southern University at New Orleans,,New Orleans,LA,Pub 4yr
HBCU,Southern University at Shreveport - Bossier City,,Shreveport,LA,Pub 2yr
HBCU,Xavier University of Louisiana,,New Orleans,LA,Pri 4yr
PBI,Baton Rouge Community College,,Baton Rouge,LA,Pub 2yr
PBI,Delgado Community College,,New Orleans,LA,Pub 2yr
PBI,Herzing University - Kenner,,Kenner,LA,Pri 4yr
PBI,Remington College - Baton Rouge Campus,,Baton Rouge,LA,Pri 2yr
PBI,Remington College - Lafayette Campus,,Lafayette,LA,Pri 2yr
PBI,Remington College - Shreveport Campus,,Shreveport,LA,Pri 4yr
PBI,South Louisiana Community College,,Lafayette,LA,Pub 2yr
AANAPISI,Benjamin Franklin Institute of Technology,,Boston,MA,Pub 4yr
AANAPISI,Bunker Hill Community College,,Boston,MA,Pub 2yr
AANAPISI,Middlesex Community College,,Bedford,MA,Pub 2yr
AANAPISI,University of Massachusetts - Boston,,Boston,MA,Pub 4yr
HSI,Cambridge College,,Boston,MA,Pri 4yr
HSI,Holyoke Community College,,Holyoke,MA,Pub 2yr
HSI,Northern Essex Community College,,Haverhill,MA,Pub 2yr
HSI,Springfield Technical Community College,,Springfield,MA,Pub 2yr
AANAPISI,Montgomery College,,Rockville,MD,Pub 2yr
AANAPISI,University of Maryland - Baltimore County,,Baltimore,MD,Pub 4yr
HBCU,Bowie State University,,Bowie,MD,Pub 4yr
HBCU,Coppin State University,,Baltimore,MD,Pub 4yr
HBCU,Morgan State University,,Baltimore,MD,Pub 4yr
HBCU,University of Maryland - Eastern Shore,,Princess Anne,MD,Pub 4yr
PBI,Faith Theological Seminary,,Baltimore,MD,Pri 4yr
PBI,Prince George's Community College,,Largo,MD,Pub 2yr
PBI,University of Baltimore,,Baltimore,MD,Pub 4yr
PBI,Washington Adventist University,,Takoma Park,MD,Pri 4yr
AANAPISI,Andrews University,,Berrien Springs,MI,Pri 4yr
PBI,Wayne County Community College District,,Detroit,MI,Pub 2yr
TCU,Bay Mills Community College,,Brimley,MI,Pub 2yr
TCU,Keweenaw Bay Ojibwa Community College,,Baraga,MI,Pub 2yr
TCU,Saginaw Chippewa Tribal College,,Mount Pleasant,MI,Pub 2yr
AANAPISI,Century College,,White Bear Lake,MN,Pub 2yr
AANAPISI,Herzing University - Minneapolis,,Minneapolis,MN,Pri 4yr
AANAPISI,Metropolitan State University,,Saint Paul,MN,Pub 4yr
AANAPISI,North Hennepin Community College,,Brooklyn Park,MN,Pub 2yr
AANAPISI,Saint Paul College - A Community & Technical College,,Saint Paul,MN,Pub 2yr
AANAPISI,St. Catherine University,,Saint Paul,MN,Pri 4yr
AANAPISI,University of Minnesota - Twin Cities,,Minneapolis,MN,Pub 4yr
NASNTI,University of Minnesota - Morris,,Morris,MN,Pub 4yr
TCU,Fond du Lac Tribal & Community College,,Cloquet,MN,Pub 2yr
TCU,Leech Lake Tribal College,,Cass Lake,MN,Pub 2yr
TCU,White Earth Tribal and Community College,,Mahnomen,MN,Pri 2yr
HBCU,Harris - Stowe State University,,Saint Louis,MO,Pub 4yr
HBCU,Lincoln University,,Jefferson City,MO,Pub 4yr
PBI,TechMission,,Kansas City,MO,Pri 4yr
AANAPISI & ANNH,Northern Marianas College,,Saipan,MP,Pub 4yr
HBCU,Alcorn State University,,Alcorn State,MS,Pub 4yr
HBCU,Coahoma Community College,,Clarksdale,MS,Pub 2yr
HBCU,Jackson State University,,Jackson,MS,Pub 4yr
HBCU,Mississippi Valley State University,,Itta Bena,MS,Pub 4yr
HBCU,Rust College,,Holly Springs,MS,Pri 4yr
HBCU,Tougaloo College,,Tougaloo,MS,Pri 4yr
PBI,Belhaven University,,Jackson,MS,Pri 4yr
PBI,East Mississippi Community College,,Scooba,MS,Pub 2yr
PBI,Hinds Community College,,Raymond,MS,Pub 2yr
PBI,Holmes Community College,,Goodman,MS,Pub 2yr
PBI,Meridian Community College,,Meridian,MS,Pub 2yr
PBI,Mississippi Delta Community College,,Moorhead,MS,Pub 2yr
PBI,Southeastern Baptist College,,Laurel,MS,Pri 4yr
PBI,Southwest Mississippi Community College,,Summit,MS,Pub 2yr
NASNTI,Montana State University - Northern,,Havre,MT,Pub 4yr
TCU,Aaniiih Nakoda College,,Harlem,MT,Pub 2yr
TCU,Blackfeet Community College,,Browning,MT,Pri 2yr
TCU,Chief Dull Knife College,,Lame Deer,MT,Pub 2yr
TCU,Fort Peck Community College,,Poplar,MT,Pub 2yr
TCU,Little Big Horn College,,Crow Agency,MT,Pub 2yr
TCU,Salish Kootenai College,,Pablo,MT,Pri 4yr
TCU,Stone Child College,,Box Elder,MT,Pub 4yr
AANAPISI & ANNH,Pamlico Community College,,Grantsboro,NC,Pub 2yr
ANNH & NASNTI,Robeson Community College,,Lumberton,NC,Pub 2yr
HBCU,Bennett College,,Greensboro,NC,Pri 4yr
HBCU,Elizabeth City State University,,Elizabeth City,NC,Pub 4yr
HBCU,Fayetteville State University,,Fayetteville,NC,Pub 4yr
HBCU,Johnson C Smith University,,Charlotte,NC,Pri 4yr
HBCU,Livingstone College,,Salisbury,NC,Pri 4yr
HBCU,North Carolina Agricultural & Technical State University,,Greensboro,NC,Pub 4yr
HBCU,North Carolina Central University,,Durham,NC,Pub 4yr
HBCU,Saint Augustine's University,,Raleigh,NC,Pri 4yr
HBCU,Shaw University,,Raleigh,NC,Pri 4yr
HBCU,Winston-Salem State University,,Winston-Salem,NC,Pub 4yr
HSI,Sampson Community College,,Clinton,NC,Pub 2yr
NASNTI,Bladen Community College,,Dublin,NC,Pub 2yr
NASNTI,University of North Carolina at Pembroke,,Pembroke,NC,Pub 4yr
PBI,Carolina College of Biblical Studies,,Fayetteville,NC,Pri 4yr
PBI,Charlotte Christian College and Theological Seminary,,Charlotte,NC,Pri 4yr
PBI,Chowan University,,Murfreesboro,NC,Pri 4yr
PBI,Edgecombe Community College,,Tarboro,NC,Pub 2yr
PBI,Halifax Community College,,Weldon,NC,Pub 2yr
PBI,Johnson & Wales University - Charlotte,,Charlotte,NC,Pri 4yr
PBI,North Carolina Wesleyan College,,Rocky Mount,NC,Pri 4yr
TCU,Cankdeska Cikana (Little Hoop) Community College,,Fort Totten,ND,Pub 2yr
TCU,Nueta Hidatsa Sahnish College,,New Town,ND,Pub 4yr
TCU,Sitting Bull College,,Fort Yates,ND,Pub 4yr
TCU,Turtle Mountain Community College,,Belcourt,ND,Pri 4yr
TCU,United Tribes Technical College,,Bismarck,ND,Pri 4yr
TCU,Little Priest Tribal College,,Winnebago,NE,Pub 2yr
TCU,Nebraska Indian Community College,,Macy,NE,Pub 2yr
AANAPISI & HSI,"Rutgers, the State University of New Jersey",,Newark,NJ,Pub 4yr
HSI,Bergen Community College,,Paramus,NJ,Pub 2yr
HSI,College of Saint Elizabeth,,Morristown,NJ,Pri 4yr
HSI,Cumberland County College,,Vineland,NJ,Pub 2yr
HSI,Fairleigh Dickinson University,,Teaneck,NJ,Pri 4yr
HSI,Felician University,,Lodi,NJ,Pri 4yr
HSI,Hudson County Community College,,Jersey City,NJ,Pub 2yr
HSI,Kean University,,Union,NJ,Pub 4yr
HSI,Montclair State University,,Montclair,NJ,Pub 4yr
HSI,New Jersey City University,,Jersey City,NJ,Pub 4yr
HSI,Passaic County Community College,,Paterson,NJ,Pub 2yr
HSI,Pillar College,,Newark,NJ,Pri 4yr
HSI,Saint Peter's University,,Jersey City,NJ,Pri 4yr
HSI,Union County College,,Cranford,NJ,Pub 2yr
HSI,William Paterson University of New Jersey,,Wayne,NJ,Pub 4yr
HSI & PBI,Bloomfield College,,Bloomfield,NJ,Pri 4yr
HSI & PBI,Essex County College,,Newark,NJ,Pub 2yr
ANNH & NASNTI,San Juan College,,Farmington,NM,Pub 2yr
HSI,Central New Mexico Community College,,Albuquerque,NM,Pub 2yr
HSI,Clovis Community College,,Clovis,NM,Pub 2yr
HSI,Eastern New Mexico University,,Ruidoso,NM,Pub 2yr
HSI,Eastern New Mexico University,,Roswell,NM,Pub 2yr
HSI,Eastern New Mexico University,,Portales,NM,Pub 4yr
HSI,Mesalands Community College,,Tucumcari,NM,Pub 2yr
HSI,New Mexico Highlands University,,Las Vegas,NM,Pub 4yr
HSI,New Mexico Institute of Mining & Technology,,Socorro,NM,Pub 4yr
HSI,New Mexico State University,,Las Cruces,NM,Pub 4yr
HSI,New Mexico State University,,Grants,NM,Pub 2yr
HSI,New Mexico State University,,Las Cruces,NM,Pub 2yr
HSI,New Mexico State University,,Carlsbad,NM,Pub 2yr
HSI,New Mexico State University,,Alamogordo,NM,Pub 2yr
HSI,Northern New Mexico College,,Espanola,NM,Pub 4yr
HSI,Santa Fe Community College,,Santa Fe,NM,Pub 2yr
HSI,University of New Mexico,,Los Lunas,NM,Pub 2yr
HSI,University of New Mexico,,Ranchos de Taos,NM,Pub 2yr
HSI,University of New Mexico,,Albuquerque,NM,Pub 4yr
HSI,University of New Mexico,,Los Alamos,NM,Pub 2yr
HSI,University of the Southwest,,Hobbs,NM,Pri 4yr
HSI,Western New Mexico University,,Silver City,NM,Pub 4yr
NASNTI,Eastern New Mexico University,,Ruidoso,NM,Pub 2yr
NASNTI,New Mexico State University,,Grants,NM,Pub 2yr
TCU,Institute of American Indian & Alaska Native Culture & Arts Development,,Santa Fe,NM,Pub 4yr
TCU,Navajo Technical University,,Crownpoint,NM,Pub 4yr
TCU,Southwestern Indian Polytechnic Institute,,Albuquerque,NM,Pub 2yr
AANAPISI,University of Nevada - Las Vegas,,Las Vegas,NV,Pub 4yr
AANAPISI & HSI,College of Southern Nevada,,Las Vegas,NV,Pub 4yr
HSI,Nevada State College,,Henderson,NV,Pub 4yr
HSI,Western Nevada College,,Carson City,NV,Pub 4yr
AANAPISI,Adelphi University,,Garden City,NY,Pri 4yr
AANAPISI,CUNY Bernard M. Baruch College,,New York,NY,Pub 4yr
AANAPISI,CUNY Brooklyn College,,Brooklyn,NY,Pub 4yr
AANAPISI,Kingsborough Community College/CUNY,,Brooklyn,NY,Pub 2yr
AANAPISI,Long Island University,,Brooklyn,NY,Pri 4yr
AANAPISI,New York College of Health Professions,,Syosset,NY,Pri 4yr
AANAPISI,New York Institute of Technology,,Old Westbury,NY,Pri 4yr
AANAPISI,Saint John's University,,Queens,NY,Pri 4yr
AANAPISI & HSI,City College of New York - CUNY,,New York,NY,Pub 4yr
AANAPISI & HSI,College of Staten Island/CUNY,,Staten Island,NY,Pub 4yr
AANAPISI & HSI,CUNY Hunter College,,New York,NY,Pub 4yr
AANAPISI & HSI,CUNY Queens College,,Queens,NY,Pub 4yr
AANAPISI & HSI,Queensborough Community College - CUNY,,Bayside,NY,Pub 2yr
AANAPISI & HSI,SUNY College at Old Westbury,,Old Westbury,NY,Pub 4yr
HSI,American Musical & Dramatic Academy,,New York,NY,Pri 4yr
HSI,Boricua College,,New York,NY,Pri 4yr
HSI,College of Mount Saint Vincent,,Bronx,NY,Pri 4yr
HSI,CUNY Borough of Manhattan Community College,,New York,NY,Pub 2yr
HSI,CUNY Bronx Community College,,Bronx,NY,Pub 2yr
HSI,CUNY John Jay College of Criminal Justice,,New York,NY,Pub 4yr
HSI,CUNY LaGuardia Community College,,Long Island City,NY,Pub 2yr
HSI,CUNY Lehman College,,Bronx,NY,Pub 4yr
HSI,"CUNY, Hostos Community College",,Bronx,NY,Pub 2yr
HSI,Dominican College of Blauvelt,,Orangeburg,NY,Pri 4yr
HSI,Long Island University - Riverhead,,Riverhead,NY,Pri 4yr
HSI,Mercy College,,Dobbs Ferry,NY,Pri 4yr
HSI,New York City College of Technology of the City University of New York,,Brooklyn,NY,Pub 4yr
HSI,Nyack College,,Nyack,NY,Pri 4yr
HSI,Orange County Community College,,Middletown,NY,Pub 2yr
HSI,Rockland Community College,,Suffern,NY,Pub 2yr
HSI,Stella and Charles Guttman Community College,,New York,NY,Pub 2yr
HSI,SUNY Westchester Community College,,Valhalla,NY,Pub 2yr
HSI,Vaughn College of Aeronautics and Technology,,Flushing,NY,Pri 4yr
HSI & PBI,College of New Rochelle (The),,New Rochelle,NY,Pri 4yr
HSI & PBI,CUNY Graduate School & University Center,,New York,NY,Pub 4yr
PBI,CUNY Medgar Evers College,,Brooklyn,NY,Pub 4yr
PBI,CUNY York College,,Jamaica,NY,Pub 4yr
PBI,Metropolitan College of New York,,New York,NY,Pri 4yr
HBCU,Central State University,,Wilberforce,OH,Pub 4yr
HBCU,Wilberforce University,,Wilberforce,OH,Pri 4yr
HSI,Union Institute & University,,Cincinnati,OH,Pri 4yr
PBI,Altierus Career College - Columbus,,Gahanna,OH,Pri 2yr
PBI,Herzing University - Toledo,,Toledo,OH,Pri 4yr
PBI,Remington College - Cleveland Campus,,Cleveland,OH,Pri 2yr
ANNH & NASNTI,Bacone College,,Muskogee,OK,Pri 4yr
ANNH & NASNTI,Carl Albert State College,,Poteau,OK,Pub 2yr
ANNH & NASNTI,Connors State College,,Warner,OK,Pub 2yr
HBCU,Langston University,,Langston,OK,Pub 4yr
HSI,Oklahoma Panhandle State University,,Goodwell,OK,Pub 4yr
NASNTI,Community Care College,,Tulsa,OK,Pri 2yr
NASNTI,Northeastern Oklahoma A & M College,,Miami,OK,Pub 2yr
NASNTI,Northeastern State University,,Tahlequah,OK,Pub 4yr
NASNTI,Northern Oklahoma College,,Tonkawa,OK,Pub 2yr
NASNTI,Oklahoma State University Institute of Technology - Okmulgee,,Okmulgee,OK,Pub 4yr
NASNTI,Redlands Community College,,El Reno,OK,Pub 2yr
NASNTI,Rogers State University,,Claremore,OK,Pub 4yr
NASNTI,Seminole State College,,Seminole,OK,Pub 2yr
NASNTI,Southeastern Oklahoma State University,,Durant,OK,Pub 4yr
TCU,College of the Muscogee Nation,,Okmulgee,OK,Pub 2yr
AANAPISI,Pacific University,,Forest Grove,OR,Pri 4yr
AANAPISI,Portland State University,,Portland,OR,Pub 4yr
HSI,Blue Mountain Community College,,Pendleton,OR,Pub 2yr
HSI,Chemeketa Community College,,Salem,OR,Pub 2yr
HSI,Columbia Gorge Community College,,The Dalles,OR,Pub 2yr
HSI,Treasure Valley Community College,,Ontario,OR,Pub 2yr
HSI,Warner Pacific University,,Portland,OR,Pri 4yr
AANAPISI,Pennsylvania State University - Penn State Abington,,Abington,PA,Pub 4yr
HBCU,Cheyney University of Pennsylvania,,Cheyney,PA,Pub 4yr
HBCU,Lincoln University,,Lincoln University,PA,Pub 4yr
HSI,Eastern University,,Saint Davids,PA,Pri 4yr
HSI,Reading Area Community College,,Reading,PA,Pub 2yr
PBI,Community College of Philadelphia,,Philadelphia,PA,Pub 2yr
PBI,Peirce College,,Philadelphia,PA,Pri 4yr
HSI,American University of Puerto Rico,,Bayamon,PR,Pri 4yr
HSI,Atenas College,,Manati,PR,Pri 4yr
HSI,Atlantic University College,,Guaynabo,PR,Pri 4yr
HSI,Caribbean University,,Bayamon,PR,Pri 4yr
HSI,Caribbean University,,Carolina,PR,Pri 4yr
HSI,Caribbean University,,Ponce,PR,Pri 4yr
HSI,Caribbean University,,Vega Baja,PR,Pri 4yr
HSI,Carlos Albizu University,,San Juan,PR,Pri 4yr
HSI,Colegio Universitario de San Juan,,San Juan,PR,Pub 4yr
HSI,Commonwealth of Puerto Rico Department of Education,,San Juan,PR,Pub 2yr
HSI,Dewey University,,Mayaguez,PR,Pri 2yr
HSI,Dewey University,,Manati,PR,Pri 4yr
HSI,Dewey University,,Juana Diaz,PR,Pri 4yr
HSI,Dewey University,,Hato Rey,PR,Pri 4yr
HSI,Dewey University,,Fajardo,PR,Pri 2yr
HSI,Dewey University,,Carolina,PR,Pri 4yr
HSI,EDP University of Puerto Rico,,San Juan,PR,Pri 4yr
HSI,EDP University of Puerto Rico Inc - San Sebastian,,San Sebastian,PR,Pri 4yr
HSI,Humacao Community College,,Humacao,PR,Pri 4yr
HSI,Instituto Tecnologico de Puerto Rico - Recinto de Manati,,Manati,PR,Pub 2yr
HSI,Inter American University of Puerto Rico - Aguadilla Campus,,Aguadilla,PR,Pri 4yr
HSI,Inter American University of Puerto Rico - Arecibo Campus,,Arecibo,PR,Pri 4yr
HSI,Inter American University of Puerto Rico - Barranquitas Campus,,Barranquitas,PR,Pri 4yr
HSI,Inter American University of Puerto Rico - Bayamon Campus,,Bayamon,PR,Pri 4yr
HSI,Inter American University of Puerto Rico - Fajardo Campus,,Fajardo,PR,Pri 4yr
HSI,Inter American University of Puerto Rico - Guayama Campus,,Guayama,PR,Pri 4yr
HSI,Inter American University of Puerto Rico - Metropolitan Campus,,San Juan,PR,Pri 4yr
HSI,Inter American University of Puerto Rico - Ponce Campus,,Mercedita,PR,Pri 4yr
HSI,Inter American University of Puerto Rico San German Campus,,San German,PR,Pri 4yr
HSI,Pontifical Catholic University of Puerto Rico (The),,Ponce,PR,Pri 4yr
HSI,Pontifical Catholic University of Puerto Rico (The),,Mayaguez,PR,Pri 4yr
HSI,Pontifical Catholic University of Puerto Rico (The),,Arecibo,PR,Pri 4yr
HSI,San Juan Bautista School of Medicine,,Caguas,PR,Pri 4yr
HSI,Trinity College of Puerto Rico,,Ponce,PR,Pri 2yr
HSI,Universal Technology College of Puerto Rico,,Aguadilla,PR,Pri 4yr
HSI,Universidad Adventista De Las Antillas,,Mayaguez,PR,Pri 4yr
HSI,Universidad Ana G. Mendez - Gurabo Campus,,Gurabo,PR,Pri 4yr
HSI,"Universidad Ana G. Mendez, Carolina Campus",,Carolina,PR,Pri 4yr
HSI,"Universidad Ana G. Mendez, Cupey Campus",,San Juan,PR,Pri 4yr
HSI,Universidad Central de Bayamon,,Bayamón,PR,Pri 4yr
HSI,Universidad del Sagrado Corazón,,Santurce,PR,Pri 4yr
HSI,Universidad Politécnica de Puerto Rico,,Hato Rey,PR,Pri 4yr
HSI,University of Puerto Rico - Arecibo,,Arecibo,PR,Pub 4yr
HSI,University of Puerto Rico - Cayey University College,,Cayey,PR,Pub 4yr
HSI,University of Puerto Rico - Humacao University College,,Humacao,PR,Pub 4yr
HSI,University of Puerto Rico - Mayaguez,,Mayaguez,PR,Pub 4yr
HSI,University of Puerto Rico - Medical Science Campus,,San Juan,PR,Pub 4yr
HSI,University of Puerto Rico - Rio Piedras Campus,,San Juan,PR,Pub 4yr
HSI,"University of Puerto Rico, Aguadilla Regional College",,Aguadilla,PR,Pub 4yr
HBCU,Allen University,,Columbia,SC,Pri 4yr
HBCU,Benedict College,,Columbia,SC,Pri 4yr
HBCU,Claflin University,,Orangeburg,SC,Pri 4yr
HBCU,Clinton College,,Rock Hill,SC,Pri 4yr
HBCU,Denmark Technical College,,Denmark,SC,Pub 2yr
HBCU,Morris College,,Sumter,SC,Pri 4yr
HBCU,South Carolina State University,,Orangeburg,SC,Pub 4yr
HBCU,Voorhees College,,Denmark,SC,Pri 4yr
PBI,Central Carolina Technical College,,Sumter,SC,Pub 2yr
PBI,Florence - Darlington Technical College,,Florence,SC,Pub 2yr
PBI,Limestone College,,Gaffney,SC,Pri 4yr
PBI,Northeastern Technical College,,Cheraw,SC,Pub 2yr
PBI,Orangeburg - Calhoun Technical College,,Orangeburg,SC,Pub 2yr
PBI,Williamsburg Technical College,,Kingstree,SC,Pub 2yr
NASNTI,Western Dakota Technical Institute,,Rapid City,SD,Pub 2yr
TCU,Oglala Lakota College,,Kyle,SD,Pub 4yr
TCU,Sinte Gleska University,,Mission,SD,Pri 4yr
TCU,Sisseton Wahpeton College,,Sisseton,SD,Pub 2yr
HBCU,American Baptist Theological Seminary,,Nashville,TN,Pri 4yr
HBCU,Fisk University,,Nashville,TN,Pri 4yr
HBCU,Lane College,,Jackson,TN,Pri 4yr
HBCU,LeMoyne - Owen College,,Memphis,TN,Pri 4yr
HBCU,Tennessee State University,,Nashville,TN,Pub 4yr
PBI,Baptist Memorial College of Health Sciences,,Memphis,TN,Pri 4yr
PBI,Remington College - Memphis Campus,,Memphis,TN,Pri 4yr
PBI,Southwest Tennessee Community College,,Memphis,TN,Pub 2yr
AANAPISI & HSI,Brookhaven College,,Farmers Branch,TX,Pub 2yr
AANAPISI & HSI,Houston Community College,,Houston,TX,Pub 2yr
AANAPISI & HSI,North Lake College,,Irving,TX,Pub 2yr
AANAPISI & HSI,Richland College,,Dallas,TX,Pub 2yr
AANAPISI & HSI,University of Houston,,Houston,TX,Pub 4yr
AANAPISI & HSI,University of Saint Thomas,,Houston,TX,Pri 4yr
AANAPISI & HSI,Wharton County Junior College,,Wharton,TX,Pub 2yr
HBCU,Huston - Tillotson University,,Austin,TX,Pri 4yr
HBCU,Jarvis Christian College,,Hawkins,TX,Pri 4yr
HBCU,Paul Quinn College,,Dallas,TX,Pri 4yr
HBCU,Prairie View Agricultural & Mechanical University,,Prairie View,TX,Pub 4yr
HBCU,Saint Philip's College,,San Antonio,TX,Pub 2yr
HBCU,Southwestern Christian College,,Terrell,TX,Pri 4yr
HBCU,Texas College,,Tyler,TX,Pri 4yr
HBCU,Texas Southern University,,Houston,TX,Pub 4yr
HBCU,Wiley College,,Marshall,TX,Pri 4yr
HSI,Altierus Career College - Arlington,,Arlington,TX,Pri 2yr
HSI,Altierus Career College - Fort Worth South,,Ft Worth,TX,Pri 2yr
HSI,Alvin Community College,,Alvin,TX,Pub 2yr
HSI,Amarillo College,,Amarillo,TX,Pub 2yr
HSI,Angelina College,,Lufkin,TX,Pub 2yr
HSI,Angelo State University,,San Angelo,TX,Pub 4yr
HSI,Austin Community College,,Austin,TX,Pub 2yr
HSI,Brazosport College,,Lake Jackson,TX,Pub 4yr
HSI,Cisco College,,Cisco,TX,Pub 2yr
HSI,Clarendon College,,Clarendon,TX,Pub 2yr
HSI,Coastal Bend College,,Beeville,TX,Pub 2yr
HSI,College of the Mainland,,Texas City,TX,Pub 2yr
HSI,Concordia University Texas,,Austin,TX,Pri 4yr
HSI,Del Mar College,,Corpus Christi,TX,Pub 2yr
HSI,Eastfield College,,Mesquite,TX,Pub 2yr
HSI,El Centro College,,Dallas,TX,Pub 2yr
HSI,El Paso Community College,,El Paso,TX,Pub 2yr
HSI,Frank Phillips College,,Borger,TX,Pub 2yr
HSI,Galveston College,,Galveston,TX,Pub 2yr
HSI,Hallmark University,,San Antonio,TX,Pri 4yr
HSI,Houston Baptist University,,Houston,TX,Pri 4yr
HSI,Howard County Junior College District,,Big Spring,TX,Pub 2yr
HSI,Jacksonville College,,Jacksonville,TX,Pri 2yr
HSI,Lamar State College - Port Arthur,,Port Arthur,TX,Pub 2yr
HSI,Laredo College,,Laredo,TX,Pub 2yr
HSI,Lee College,,Baytown,TX,Pub 2yr
HSI,Lone Star College System,,The Woodlands,TX,Pub 2yr
HSI,McLennan Community College,,Waco,TX,Pub 2yr
HSI,McMurry University,,Abilene,TX,Pri 4yr
HSI,Mountain View College,,Dallas,TX,Pub 2yr
HSI,Northeast Texas Community College,,Mount Pleasant,TX,Pub 2yr
HSI,Northwest Vista College,,San Antonio,TX,Pub 2yr
HSI,Odessa College,,Odessa,TX,Pub 2yr
HSI,Our Lady of The Lake University,,San Antonio,TX,Pri 4yr
HSI,Palo Alto College,,San Antonio,TX,Pub 2yr
HSI,Remington College,,Garland,TX,Pri 4yr
HSI,Remington College - Fort Worth Campus,,Fort Worth,TX,Pri 4yr
HSI,Remington College - Houston Southeast Campus,,Webster,TX,Pri 2yr
HSI,San Antonio College,,San Antonio,TX,Pub 2yr
HSI,San Jacinto Community College District,,Pasadena,TX,Pub 2yr
HSI,Schreiner University,,Kerrville,TX,Pri 4yr
HSI,South Plains College,,Levelland,TX,Pub 2yr
HSI,South Texas College,,McAllen,TX,Pub 4yr
HSI,Southwest Texas Junior College,,Uvalde,TX,Pub 2yr
HSI,Southwestern Adventist University,,Keene,TX,Pri 4yr
HSI,St. Edward's University,,Austin,TX,Pri 4yr
HSI,St. Mary's University,,San Antonio,TX,Pri 4yr
HSI,Sul Ross State University,,Alpine,TX,Pub 4yr
HSI,Tarrant County College District,,Fort Worth,TX,Pub 2yr
HSI,Temple College,,Temple,TX,Pub 2yr
HSI,Texas A&M International University,,Laredo,TX,Pub 4yr
HSI,Texas A&M University - Corpus Christi,,Corpus Christi,TX,Pub 4yr
HSI,Texas A&M University - Kingsville,,Kingsville,TX,Pub 4yr
HSI,Texas A&M University - San Antonio,,San Antonio,TX,Pub 4yr
HSI,Texas Lutheran University,,Seguin,TX,Pri 4yr
HSI,Texas Southmost College,,Brownsville,TX,Pub 2yr
HSI,Texas State Technical College,,Waco,TX,Pub 2yr
HSI,Texas State University,,San Marcos,TX,Pub 4yr
HSI,Texas Tech University,,Lubbock,TX,Pub 4yr
HSI,Texas Wesleyan University,,Fort Worth,TX,Pri 4yr
HSI,Texas Woman's University,,Denton,TX,Pub 4yr
HSI,University of Houston - Clear Lake,,Houston,TX,Pub 4yr
HSI,University of Houston - Downtown,,Houston,TX,Pub 4yr
HSI,University of Houston - Victoria,,Victoria,TX,Pub 4yr
HSI,University of North Texas at Dallas,,Dallas,TX,Pub 4yr
HSI,University of Texas - Rio Grande Valley,,Edinburg,TX,Pub 4yr
HSI,University of Texas at Arlington,,Arlington,TX,Pub 4yr
HSI,University of Texas at El Paso,,El Paso,TX,Pub 4yr
HSI,University of Texas at San Antonio,,San Antonio,TX,Pub 4yr
HSI,University of Texas Health Science Center at San Antonio,,San Antonio,TX,Pub 4yr
HSI,University of Texas of the Permian Basin,,Odessa,TX,Pub 4yr
HSI,University of the Incarnate Word,,San Antonio,TX,Pri 4yr
HSI,Vernon College,,Vernon,TX,Pub 2yr
HSI,Victoria College,,Victoria,TX,Pub 2yr
HSI,Western Texas College,,Snyder,TX,Pub 2yr
HSI & PBI,Altierus Career College - Bissonnet,,Houston,TX,Pri 2yr
HSI & PBI,Cedar Valley College,,Lancaster,TX,Pub 2yr
HSI & PBI,Remington College-North Houston Campus,,Houston,TX,Pri 4yr
PBI,Dallas Nursing Institute,,Dallas,TX,Pri 4yr
AANAPISI,Northern Virginia Community College,,Annandale,VA,Pub 2yr
HBCU,Hampton University,,Hampton,VA,Pri 4yr
HBCU,Norfolk State University,,Norfolk,VA,Pub 4yr
HBCU,Virginia State University,,Petersburg,VA,Pub 4yr
HBCU,Virginia Union University,,Richmond,VA,Pri 4yr
HBCU,Virginia University of Lynchburg,,Lynchburg,VA,Pri 4yr
HBCU,University of the Virgin Islands,,Charlotte Amalie,VI,Pub 4yr
AANAPISI,Bastyr University,,Kenmore,WA,Pri 4yr
AANAPISI,Bellevue College,,Bellevue,WA,Pub 4yr
AANAPISI,Edmonds Community College,,Lynnwood,WA,Pub 4yr
AANAPISI,Green River College,,Auburn,WA,Pub 4yr
AANAPISI,Highline College,,Des Moines,WA,Pub 4yr
AANAPISI,Lake Washington Institute of Technology,,Kirkland,WA,Pub 4yr
AANAPISI,Pierce College,,Lakewood,WA,Pub 4yr
AANAPISI,Saint Martin's University,,Lacey,WA,Pri 4yr
AANAPISI,Seattle Central College,,Seattle,WA,Pub 4yr
AANAPISI,Shoreline Community College,,Shoreline,WA,Pub 2yr
AANAPISI,University of Washington - Seattle,,Bothell,WA,Pub 4yr
AANAPISI,University of Washington - Tacoma Campus,,Tacoma,WA,Pub 4yr
HSI,Big Bend Community College,,Moses Lake,WA,Pub 2yr
HSI,Columbia Basin College,,Pasco,WA,Pub 4yr
HSI,Heritage University,,Toppenish,WA,Pri 4yr
HSI,Perry Technical Institute,,Yakima,WA,Pri 2yr
HSI,Wenatchee Valley College,,Wenatchee,WA,Pub 4yr
HSI,Yakima Valley College,,Yakima,WA,Pub 4yr
TCU,Northwest Indian College,,Bellingham,WA,Pub 4yr
ANNH & NASNTI,East - West University,,Keshena,WI,Pri 4yr
HSI,Alverno College,,Milwaukee,WI,Pri 4yr
TCU,College of Menominee Nation,,Keshena,WI,Pri 4yr
TCU,Lac Courte Oreilles Ojibwa Community College,,Hayward,WI,Pub 2yr
HBCU,Bluefield State College,,Bluefield,WV,Pub 4yr
HBCU,West Virginia State University,,Institute,WV,Pub 4yr